{
  "camera": {
    "type": "perspective",
    "focal_length": 3,
    "eye": [0,0,5],
    "up": [0,1,0],
    "look": [0,0,-1],
    "height": 1,
    "width": 1.7777777778
  },
  "materials": [
    {
      "name": "blue plastic",
      "ka": [0.2, 0.4, 1.0],
      "kd": [0.2, 0.4, 1.0],
      "ks": [0.8,0.8,0.8],
      "km": [0.05,0.05,0.05],
      "phong_exponent": 1000
    },
    {
      "name": "Lambertian green",
      "ka": [0.2, 0.8, 0.3],
      "kd": [0.2, 0.8, 0.3],
      "ks": [0.1,0.1,0.1],
      "km": [0.3,0.3,0.3],
      "phong_exponent": 30
    },
    {
      "name": "purple metal",
      "ka": [0.596078,0.305882,0.639216],
      "kd": [0.596078,0.305882,0.639216],
      "ks": [0.596078,0.305882,0.639216],
      "km": [0.596078,0.305882,0.639216],
      "phong_exponent": 1700
    },
    {
      "name": "red metal",
      "ka": [0.894118,0.101961,0.109804],
      "kd": [0.894118,0.101961,0.109804],
      "ks": [0.894118,0.101961,0.109804],
      "km": [0.894118,0.101961,0.109804],
      "phong_exponent": 2000
    },
    {
      "name": "yellow metal",
      "ka": [0.65,0.65,0.15],
      "kd": [0.65,0.65,0.15],
      "ks": [0.65,0.65,0.15],
      "km": [0.65,0.65,0.15],
      "phong_exponent": 2000
    }
  ],
  "lights":[
    {
      "type": "directional",
      "direction": [0,-1,0],
      "color": [0.4,0.4,0.4]
    },
    {
      "type": "point",
      "position": [10,10,-20],
      "color": [0.7,0.7,0.7]
    },
    {
      "type": "point",
      "position": [10,-5,10],
      "color": [0.2,0.2,0.2]
    },
    {
      "type": "point",
      "position": [-20,10,10],
      "color": [0.2,0.2,0.2]
    },
    {
      "type": "directional",
      "direction": [-1,0,0],
      "color": [0.7,0.7,0.7]
    },
    {
      "type": "point",
      "position": [10,20,8],
      "color": [0.4,0.5,0.4]
    }
  ],
  "objects": [
    {
      "type": "sphere",
      "material": "blue plastic",
      "center": [1.0,-0.1,-3],
      "radius": 1.0
    },
    {
      "type": "sphere",
      "material": "Lambertian green",
      "center": [-0.6,0,-2],
      "radius": 0.5
    },
    {
      "type": "plane",
      "material": "purple metal",
      "point": [0,-0.5,0],
      "normal": [0,1,0]
    },
    {
      "type": "sphere",
      "material": "red metal",
      "center": [-0.1,0,-4],
      "radius": 0.5
    },
    {
      "type": "plane",
      "material": "yellow metal",
      "point": [-1.5,0,0],
      "normal": [1,0,0.2]
    }
  ]
}
